Category,Model Name,Downloads,Link
Audio-Text-to-Text,deepseek-ai/DeepSeek-R1Text Generation•Updated2 days ago•2.67M••8.15k,•,https://huggingface.co/deepseek-ai/DeepSeek-R1
Audio-Text-to-Text,ValueFX9507/Tifa-Deepsex-14b-CoT-GGUF-Q4Reinforcement Learning•Updated3 days ago•40.3k•406,•,https://huggingface.co/ValueFX9507/Tifa-Deepsex-14b-CoT-GGUF-Q4
Audio-Text-to-Text,deepseek-ai/Janus-Pro-7BAny-to-Any•Updated10 days ago•370k•2.84k,•,https://huggingface.co/deepseek-ai/Janus-Pro-7B
Audio-Text-to-Text,Zyphra/Zonos-v0.1-hybridText-to-Speech•Updatedabout 10 hours ago•80•289,•,https://huggingface.co/Zyphra/Zonos-v0.1-hybrid
Audio-Text-to-Text,hexgrad/Kokoro-82MText-to-Speech•Updated9 days ago•300k•3.02k,•,https://huggingface.co/hexgrad/Kokoro-82M
Audio-Text-to-Text,deepseek-ai/DeepSeek-V3Text Generation•Updated18 days ago•1.22M••3.34k,•,https://huggingface.co/deepseek-ai/DeepSeek-V3
Audio-Text-to-Text,simplescaling/s1-32BText Generation•Updatedabout 11 hours ago•5.39k•236,•,https://huggingface.co/simplescaling/s1-32B
Audio-Text-to-Text,unsloth/DeepSeek-R1-GGUFText Generation•Updated2 days ago•792k•697,•,https://huggingface.co/unsloth/DeepSeek-R1-GGUF
Audio-Text-to-Text,"black-forest-labs/FLUX.1-devText-to-Image•UpdatedAug 16, 2024•1.58M••8.62k",•,https://huggingface.co/black-forest-labs/FLUX.1-dev
Audio-Text-to-Text,mistralai/Mistral-Small-24B-Instruct-2501Text Generation•Updated9 days ago•263k••691,•,https://huggingface.co/mistralai/Mistral-Small-24B-Instruct-2501
Image-Text-to-Text,deepseek-ai/DeepSeek-R1Text Generation•Updated2 days ago•2.67M••8.15k,•,https://huggingface.co/deepseek-ai/DeepSeek-R1
Image-Text-to-Text,ValueFX9507/Tifa-Deepsex-14b-CoT-GGUF-Q4Reinforcement Learning•Updated3 days ago•40.3k•406,•,https://huggingface.co/ValueFX9507/Tifa-Deepsex-14b-CoT-GGUF-Q4
Image-Text-to-Text,deepseek-ai/Janus-Pro-7BAny-to-Any•Updated10 days ago•370k•2.84k,•,https://huggingface.co/deepseek-ai/Janus-Pro-7B
Image-Text-to-Text,Zyphra/Zonos-v0.1-hybridText-to-Speech•Updatedabout 10 hours ago•80•289,•,https://huggingface.co/Zyphra/Zonos-v0.1-hybrid
Image-Text-to-Text,hexgrad/Kokoro-82MText-to-Speech•Updated9 days ago•300k•3.02k,•,https://huggingface.co/hexgrad/Kokoro-82M
Image-Text-to-Text,deepseek-ai/DeepSeek-V3Text Generation•Updated18 days ago•1.22M••3.34k,•,https://huggingface.co/deepseek-ai/DeepSeek-V3
Image-Text-to-Text,simplescaling/s1-32BText Generation•Updatedabout 11 hours ago•5.39k•236,•,https://huggingface.co/simplescaling/s1-32B
Image-Text-to-Text,unsloth/DeepSeek-R1-GGUFText Generation•Updated2 days ago•792k•697,•,https://huggingface.co/unsloth/DeepSeek-R1-GGUF
Image-Text-to-Text,"black-forest-labs/FLUX.1-devText-to-Image•UpdatedAug 16, 2024•1.58M••8.62k",•,https://huggingface.co/black-forest-labs/FLUX.1-dev
Image-Text-to-Text,mistralai/Mistral-Small-24B-Instruct-2501Text Generation•Updated9 days ago•263k••691,•,https://huggingface.co/mistralai/Mistral-Small-24B-Instruct-2501
Visual Question Answering,deepseek-ai/DeepSeek-R1Text Generation•Updated2 days ago•2.67M••8.15k,•,https://huggingface.co/deepseek-ai/DeepSeek-R1
Visual Question Answering,ValueFX9507/Tifa-Deepsex-14b-CoT-GGUF-Q4Reinforcement Learning•Updated3 days ago•40.3k•406,•,https://huggingface.co/ValueFX9507/Tifa-Deepsex-14b-CoT-GGUF-Q4
Visual Question Answering,deepseek-ai/Janus-Pro-7BAny-to-Any•Updated10 days ago•370k•2.84k,•,https://huggingface.co/deepseek-ai/Janus-Pro-7B
Visual Question Answering,Zyphra/Zonos-v0.1-hybridText-to-Speech•Updatedabout 10 hours ago•80•289,•,https://huggingface.co/Zyphra/Zonos-v0.1-hybrid
Visual Question Answering,hexgrad/Kokoro-82MText-to-Speech•Updated9 days ago•300k•3.02k,•,https://huggingface.co/hexgrad/Kokoro-82M
Visual Question Answering,deepseek-ai/DeepSeek-V3Text Generation•Updated18 days ago•1.22M••3.34k,•,https://huggingface.co/deepseek-ai/DeepSeek-V3
Visual Question Answering,simplescaling/s1-32BText Generation•Updatedabout 11 hours ago•5.39k•236,•,https://huggingface.co/simplescaling/s1-32B
Visual Question Answering,unsloth/DeepSeek-R1-GGUFText Generation•Updated2 days ago•792k•697,•,https://huggingface.co/unsloth/DeepSeek-R1-GGUF
Visual Question Answering,"black-forest-labs/FLUX.1-devText-to-Image•UpdatedAug 16, 2024•1.58M••8.62k",•,https://huggingface.co/black-forest-labs/FLUX.1-dev
Visual Question Answering,mistralai/Mistral-Small-24B-Instruct-2501Text Generation•Updated9 days ago•263k••691,•,https://huggingface.co/mistralai/Mistral-Small-24B-Instruct-2501
Document Question Answering,deepseek-ai/DeepSeek-R1Text Generation•Updated2 days ago•2.67M••8.15k,•,https://huggingface.co/deepseek-ai/DeepSeek-R1
Document Question Answering,ValueFX9507/Tifa-Deepsex-14b-CoT-GGUF-Q4Reinforcement Learning•Updated3 days ago•40.3k•406,•,https://huggingface.co/ValueFX9507/Tifa-Deepsex-14b-CoT-GGUF-Q4
Document Question Answering,deepseek-ai/Janus-Pro-7BAny-to-Any•Updated10 days ago•370k•2.84k,•,https://huggingface.co/deepseek-ai/Janus-Pro-7B
Document Question Answering,Zyphra/Zonos-v0.1-hybridText-to-Speech•Updatedabout 10 hours ago•80•289,•,https://huggingface.co/Zyphra/Zonos-v0.1-hybrid
Document Question Answering,hexgrad/Kokoro-82MText-to-Speech•Updated9 days ago•300k•3.02k,•,https://huggingface.co/hexgrad/Kokoro-82M
Document Question Answering,deepseek-ai/DeepSeek-V3Text Generation•Updated18 days ago•1.22M••3.34k,•,https://huggingface.co/deepseek-ai/DeepSeek-V3
Document Question Answering,simplescaling/s1-32BText Generation•Updatedabout 11 hours ago•5.39k•236,•,https://huggingface.co/simplescaling/s1-32B
Document Question Answering,unsloth/DeepSeek-R1-GGUFText Generation•Updated2 days ago•792k•697,•,https://huggingface.co/unsloth/DeepSeek-R1-GGUF
Document Question Answering,"black-forest-labs/FLUX.1-devText-to-Image•UpdatedAug 16, 2024•1.58M••8.62k",•,https://huggingface.co/black-forest-labs/FLUX.1-dev
Document Question Answering,mistralai/Mistral-Small-24B-Instruct-2501Text Generation•Updated9 days ago•263k••691,•,https://huggingface.co/mistralai/Mistral-Small-24B-Instruct-2501
Video-Text-to-Text,deepseek-ai/DeepSeek-R1Text Generation•Updated2 days ago•2.67M••8.15k,•,https://huggingface.co/deepseek-ai/DeepSeek-R1
Video-Text-to-Text,ValueFX9507/Tifa-Deepsex-14b-CoT-GGUF-Q4Reinforcement Learning•Updated3 days ago•40.3k•406,•,https://huggingface.co/ValueFX9507/Tifa-Deepsex-14b-CoT-GGUF-Q4
Video-Text-to-Text,deepseek-ai/Janus-Pro-7BAny-to-Any•Updated10 days ago•370k•2.84k,•,https://huggingface.co/deepseek-ai/Janus-Pro-7B
Video-Text-to-Text,Zyphra/Zonos-v0.1-hybridText-to-Speech•Updatedabout 10 hours ago•80•289,•,https://huggingface.co/Zyphra/Zonos-v0.1-hybrid
Video-Text-to-Text,hexgrad/Kokoro-82MText-to-Speech•Updated9 days ago•300k•3.02k,•,https://huggingface.co/hexgrad/Kokoro-82M
Video-Text-to-Text,deepseek-ai/DeepSeek-V3Text Generation•Updated18 days ago•1.22M••3.34k,•,https://huggingface.co/deepseek-ai/DeepSeek-V3
Video-Text-to-Text,simplescaling/s1-32BText Generation•Updatedabout 11 hours ago•5.39k•236,•,https://huggingface.co/simplescaling/s1-32B
Video-Text-to-Text,unsloth/DeepSeek-R1-GGUFText Generation•Updated2 days ago•792k•697,•,https://huggingface.co/unsloth/DeepSeek-R1-GGUF
Video-Text-to-Text,"black-forest-labs/FLUX.1-devText-to-Image•UpdatedAug 16, 2024•1.58M••8.62k",•,https://huggingface.co/black-forest-labs/FLUX.1-dev
Video-Text-to-Text,mistralai/Mistral-Small-24B-Instruct-2501Text Generation•Updated9 days ago•263k••691,•,https://huggingface.co/mistralai/Mistral-Small-24B-Instruct-2501
Visual Document Retrieval,deepseek-ai/DeepSeek-R1Text Generation•Updated2 days ago•2.67M••8.15k,•,https://huggingface.co/deepseek-ai/DeepSeek-R1
Visual Document Retrieval,ValueFX9507/Tifa-Deepsex-14b-CoT-GGUF-Q4Reinforcement Learning•Updated3 days ago•40.3k•406,•,https://huggingface.co/ValueFX9507/Tifa-Deepsex-14b-CoT-GGUF-Q4
Visual Document Retrieval,deepseek-ai/Janus-Pro-7BAny-to-Any•Updated10 days ago•370k•2.84k,•,https://huggingface.co/deepseek-ai/Janus-Pro-7B
Visual Document Retrieval,Zyphra/Zonos-v0.1-hybridText-to-Speech•Updatedabout 10 hours ago•80•289,•,https://huggingface.co/Zyphra/Zonos-v0.1-hybrid
Visual Document Retrieval,hexgrad/Kokoro-82MText-to-Speech•Updated9 days ago•300k•3.02k,•,https://huggingface.co/hexgrad/Kokoro-82M
Visual Document Retrieval,deepseek-ai/DeepSeek-V3Text Generation•Updated18 days ago•1.22M••3.34k,•,https://huggingface.co/deepseek-ai/DeepSeek-V3
Visual Document Retrieval,simplescaling/s1-32BText Generation•Updatedabout 11 hours ago•5.39k•236,•,https://huggingface.co/simplescaling/s1-32B
Visual Document Retrieval,unsloth/DeepSeek-R1-GGUFText Generation•Updated2 days ago•792k•697,•,https://huggingface.co/unsloth/DeepSeek-R1-GGUF
Visual Document Retrieval,"black-forest-labs/FLUX.1-devText-to-Image•UpdatedAug 16, 2024•1.58M••8.62k",•,https://huggingface.co/black-forest-labs/FLUX.1-dev
Visual Document Retrieval,mistralai/Mistral-Small-24B-Instruct-2501Text Generation•Updated9 days ago•263k••691,•,https://huggingface.co/mistralai/Mistral-Small-24B-Instruct-2501
Any-to-Any,deepseek-ai/DeepSeek-R1Text Generation•Updated2 days ago•2.67M••8.15k,•,https://huggingface.co/deepseek-ai/DeepSeek-R1
Any-to-Any,ValueFX9507/Tifa-Deepsex-14b-CoT-GGUF-Q4Reinforcement Learning•Updated3 days ago•40.3k•406,•,https://huggingface.co/ValueFX9507/Tifa-Deepsex-14b-CoT-GGUF-Q4
Any-to-Any,deepseek-ai/Janus-Pro-7BAny-to-Any•Updated10 days ago•370k•2.84k,•,https://huggingface.co/deepseek-ai/Janus-Pro-7B
Any-to-Any,Zyphra/Zonos-v0.1-hybridText-to-Speech•Updatedabout 10 hours ago•80•289,•,https://huggingface.co/Zyphra/Zonos-v0.1-hybrid
Any-to-Any,hexgrad/Kokoro-82MText-to-Speech•Updated9 days ago•300k•3.02k,•,https://huggingface.co/hexgrad/Kokoro-82M
Any-to-Any,deepseek-ai/DeepSeek-V3Text Generation•Updated18 days ago•1.22M••3.34k,•,https://huggingface.co/deepseek-ai/DeepSeek-V3
Any-to-Any,simplescaling/s1-32BText Generation•Updatedabout 11 hours ago•5.39k•236,•,https://huggingface.co/simplescaling/s1-32B
Any-to-Any,unsloth/DeepSeek-R1-GGUFText Generation•Updated2 days ago•792k•697,•,https://huggingface.co/unsloth/DeepSeek-R1-GGUF
Any-to-Any,"black-forest-labs/FLUX.1-devText-to-Image•UpdatedAug 16, 2024•1.58M••8.62k",•,https://huggingface.co/black-forest-labs/FLUX.1-dev
Any-to-Any,mistralai/Mistral-Small-24B-Instruct-2501Text Generation•Updated9 days ago•263k••691,•,https://huggingface.co/mistralai/Mistral-Small-24B-Instruct-2501
Depth Estimation,deepseek-ai/DeepSeek-R1Text Generation•Updated2 days ago•2.67M••8.15k,•,https://huggingface.co/deepseek-ai/DeepSeek-R1
Depth Estimation,ValueFX9507/Tifa-Deepsex-14b-CoT-GGUF-Q4Reinforcement Learning•Updated3 days ago•40.3k•406,•,https://huggingface.co/ValueFX9507/Tifa-Deepsex-14b-CoT-GGUF-Q4
Depth Estimation,deepseek-ai/Janus-Pro-7BAny-to-Any•Updated10 days ago•370k•2.84k,•,https://huggingface.co/deepseek-ai/Janus-Pro-7B
Depth Estimation,Zyphra/Zonos-v0.1-hybridText-to-Speech•Updatedabout 10 hours ago•80•289,•,https://huggingface.co/Zyphra/Zonos-v0.1-hybrid
Depth Estimation,hexgrad/Kokoro-82MText-to-Speech•Updated9 days ago•300k•3.02k,•,https://huggingface.co/hexgrad/Kokoro-82M
Depth Estimation,deepseek-ai/DeepSeek-V3Text Generation•Updated18 days ago•1.22M••3.34k,•,https://huggingface.co/deepseek-ai/DeepSeek-V3
Depth Estimation,simplescaling/s1-32BText Generation•Updatedabout 11 hours ago•5.39k•236,•,https://huggingface.co/simplescaling/s1-32B
Depth Estimation,unsloth/DeepSeek-R1-GGUFText Generation•Updated2 days ago•792k•697,•,https://huggingface.co/unsloth/DeepSeek-R1-GGUF
Depth Estimation,"black-forest-labs/FLUX.1-devText-to-Image•UpdatedAug 16, 2024•1.58M••8.62k",•,https://huggingface.co/black-forest-labs/FLUX.1-dev
Depth Estimation,mistralai/Mistral-Small-24B-Instruct-2501Text Generation•Updated9 days ago•263k••691,•,https://huggingface.co/mistralai/Mistral-Small-24B-Instruct-2501
Image Classification,deepseek-ai/DeepSeek-R1Text Generation•Updated2 days ago•2.67M••8.15k,•,https://huggingface.co/deepseek-ai/DeepSeek-R1
Image Classification,ValueFX9507/Tifa-Deepsex-14b-CoT-GGUF-Q4Reinforcement Learning•Updated3 days ago•40.3k•406,•,https://huggingface.co/ValueFX9507/Tifa-Deepsex-14b-CoT-GGUF-Q4
Image Classification,deepseek-ai/Janus-Pro-7BAny-to-Any•Updated10 days ago•370k•2.84k,•,https://huggingface.co/deepseek-ai/Janus-Pro-7B
Image Classification,Zyphra/Zonos-v0.1-hybridText-to-Speech•Updatedabout 10 hours ago•80•289,•,https://huggingface.co/Zyphra/Zonos-v0.1-hybrid
Image Classification,hexgrad/Kokoro-82MText-to-Speech•Updated9 days ago•300k•3.02k,•,https://huggingface.co/hexgrad/Kokoro-82M
Image Classification,deepseek-ai/DeepSeek-V3Text Generation•Updated18 days ago•1.22M••3.34k,•,https://huggingface.co/deepseek-ai/DeepSeek-V3
Image Classification,simplescaling/s1-32BText Generation•Updatedabout 11 hours ago•5.39k•236,•,https://huggingface.co/simplescaling/s1-32B
Image Classification,unsloth/DeepSeek-R1-GGUFText Generation•Updated2 days ago•792k•697,•,https://huggingface.co/unsloth/DeepSeek-R1-GGUF
Image Classification,"black-forest-labs/FLUX.1-devText-to-Image•UpdatedAug 16, 2024•1.58M••8.62k",•,https://huggingface.co/black-forest-labs/FLUX.1-dev
Image Classification,mistralai/Mistral-Small-24B-Instruct-2501Text Generation•Updated9 days ago•263k••691,•,https://huggingface.co/mistralai/Mistral-Small-24B-Instruct-2501
Object Detection,deepseek-ai/DeepSeek-R1Text Generation•Updated2 days ago•2.67M••8.15k,•,https://huggingface.co/deepseek-ai/DeepSeek-R1
Object Detection,ValueFX9507/Tifa-Deepsex-14b-CoT-GGUF-Q4Reinforcement Learning•Updated3 days ago•40.3k•406,•,https://huggingface.co/ValueFX9507/Tifa-Deepsex-14b-CoT-GGUF-Q4
Object Detection,deepseek-ai/Janus-Pro-7BAny-to-Any•Updated10 days ago•370k•2.84k,•,https://huggingface.co/deepseek-ai/Janus-Pro-7B
Object Detection,Zyphra/Zonos-v0.1-hybridText-to-Speech•Updatedabout 10 hours ago•80•289,•,https://huggingface.co/Zyphra/Zonos-v0.1-hybrid
Object Detection,hexgrad/Kokoro-82MText-to-Speech•Updated9 days ago•300k•3.02k,•,https://huggingface.co/hexgrad/Kokoro-82M
Object Detection,deepseek-ai/DeepSeek-V3Text Generation•Updated18 days ago•1.22M••3.34k,•,https://huggingface.co/deepseek-ai/DeepSeek-V3
Object Detection,simplescaling/s1-32BText Generation•Updatedabout 11 hours ago•5.39k•236,•,https://huggingface.co/simplescaling/s1-32B
Object Detection,unsloth/DeepSeek-R1-GGUFText Generation•Updated2 days ago•792k•697,•,https://huggingface.co/unsloth/DeepSeek-R1-GGUF
Object Detection,"black-forest-labs/FLUX.1-devText-to-Image•UpdatedAug 16, 2024•1.58M••8.62k",•,https://huggingface.co/black-forest-labs/FLUX.1-dev
Object Detection,mistralai/Mistral-Small-24B-Instruct-2501Text Generation•Updated9 days ago•263k••691,•,https://huggingface.co/mistralai/Mistral-Small-24B-Instruct-2501
Image Segmentation,deepseek-ai/DeepSeek-R1Text Generation•Updated2 days ago•2.67M••8.15k,•,https://huggingface.co/deepseek-ai/DeepSeek-R1
Image Segmentation,ValueFX9507/Tifa-Deepsex-14b-CoT-GGUF-Q4Reinforcement Learning•Updated3 days ago•40.3k•406,•,https://huggingface.co/ValueFX9507/Tifa-Deepsex-14b-CoT-GGUF-Q4
Image Segmentation,deepseek-ai/Janus-Pro-7BAny-to-Any•Updated10 days ago•370k•2.84k,•,https://huggingface.co/deepseek-ai/Janus-Pro-7B
Image Segmentation,Zyphra/Zonos-v0.1-hybridText-to-Speech•Updatedabout 10 hours ago•80•289,•,https://huggingface.co/Zyphra/Zonos-v0.1-hybrid
Image Segmentation,hexgrad/Kokoro-82MText-to-Speech•Updated9 days ago•300k•3.02k,•,https://huggingface.co/hexgrad/Kokoro-82M
Image Segmentation,deepseek-ai/DeepSeek-V3Text Generation•Updated18 days ago•1.22M••3.34k,•,https://huggingface.co/deepseek-ai/DeepSeek-V3
Image Segmentation,simplescaling/s1-32BText Generation•Updatedabout 11 hours ago•5.39k•236,•,https://huggingface.co/simplescaling/s1-32B
Image Segmentation,unsloth/DeepSeek-R1-GGUFText Generation•Updated2 days ago•792k•697,•,https://huggingface.co/unsloth/DeepSeek-R1-GGUF
Image Segmentation,"black-forest-labs/FLUX.1-devText-to-Image•UpdatedAug 16, 2024•1.58M••8.62k",•,https://huggingface.co/black-forest-labs/FLUX.1-dev
Image Segmentation,mistralai/Mistral-Small-24B-Instruct-2501Text Generation•Updated9 days ago•263k••691,•,https://huggingface.co/mistralai/Mistral-Small-24B-Instruct-2501
Text-to-Image,deepseek-ai/DeepSeek-R1Text Generation•Updated2 days ago•2.67M••8.15k,•,https://huggingface.co/deepseek-ai/DeepSeek-R1
Text-to-Image,ValueFX9507/Tifa-Deepsex-14b-CoT-GGUF-Q4Reinforcement Learning•Updated3 days ago•40.3k•406,•,https://huggingface.co/ValueFX9507/Tifa-Deepsex-14b-CoT-GGUF-Q4
Text-to-Image,deepseek-ai/Janus-Pro-7BAny-to-Any•Updated10 days ago•370k•2.84k,•,https://huggingface.co/deepseek-ai/Janus-Pro-7B
Text-to-Image,Zyphra/Zonos-v0.1-hybridText-to-Speech•Updatedabout 10 hours ago•80•289,•,https://huggingface.co/Zyphra/Zonos-v0.1-hybrid
Text-to-Image,hexgrad/Kokoro-82MText-to-Speech•Updated9 days ago•300k•3.02k,•,https://huggingface.co/hexgrad/Kokoro-82M
Text-to-Image,deepseek-ai/DeepSeek-V3Text Generation•Updated18 days ago•1.22M••3.34k,•,https://huggingface.co/deepseek-ai/DeepSeek-V3
Text-to-Image,simplescaling/s1-32BText Generation•Updatedabout 11 hours ago•5.39k•236,•,https://huggingface.co/simplescaling/s1-32B
Text-to-Image,unsloth/DeepSeek-R1-GGUFText Generation•Updated2 days ago•792k•697,•,https://huggingface.co/unsloth/DeepSeek-R1-GGUF
Text-to-Image,"black-forest-labs/FLUX.1-devText-to-Image•UpdatedAug 16, 2024•1.58M••8.62k",•,https://huggingface.co/black-forest-labs/FLUX.1-dev
Text-to-Image,mistralai/Mistral-Small-24B-Instruct-2501Text Generation•Updated9 days ago•263k••691,•,https://huggingface.co/mistralai/Mistral-Small-24B-Instruct-2501
Image-to-Text,deepseek-ai/DeepSeek-R1Text Generation•Updated2 days ago•2.67M••8.15k,•,https://huggingface.co/deepseek-ai/DeepSeek-R1
Image-to-Text,ValueFX9507/Tifa-Deepsex-14b-CoT-GGUF-Q4Reinforcement Learning•Updated3 days ago•40.3k•406,•,https://huggingface.co/ValueFX9507/Tifa-Deepsex-14b-CoT-GGUF-Q4
Image-to-Text,deepseek-ai/Janus-Pro-7BAny-to-Any•Updated10 days ago•370k•2.84k,•,https://huggingface.co/deepseek-ai/Janus-Pro-7B
Image-to-Text,Zyphra/Zonos-v0.1-hybridText-to-Speech•Updatedabout 10 hours ago•80•289,•,https://huggingface.co/Zyphra/Zonos-v0.1-hybrid
Image-to-Text,hexgrad/Kokoro-82MText-to-Speech•Updated9 days ago•300k•3.02k,•,https://huggingface.co/hexgrad/Kokoro-82M
Image-to-Text,deepseek-ai/DeepSeek-V3Text Generation•Updated18 days ago•1.22M••3.34k,•,https://huggingface.co/deepseek-ai/DeepSeek-V3
Image-to-Text,simplescaling/s1-32BText Generation•Updatedabout 11 hours ago•5.39k•236,•,https://huggingface.co/simplescaling/s1-32B
Image-to-Text,unsloth/DeepSeek-R1-GGUFText Generation•Updated2 days ago•792k•697,•,https://huggingface.co/unsloth/DeepSeek-R1-GGUF
Image-to-Text,"black-forest-labs/FLUX.1-devText-to-Image•UpdatedAug 16, 2024•1.58M••8.62k",•,https://huggingface.co/black-forest-labs/FLUX.1-dev
Image-to-Text,mistralai/Mistral-Small-24B-Instruct-2501Text Generation•Updated9 days ago•263k••691,•,https://huggingface.co/mistralai/Mistral-Small-24B-Instruct-2501
Image-to-Image,deepseek-ai/DeepSeek-R1Text Generation•Updated2 days ago•2.67M••8.15k,•,https://huggingface.co/deepseek-ai/DeepSeek-R1
Image-to-Image,ValueFX9507/Tifa-Deepsex-14b-CoT-GGUF-Q4Reinforcement Learning•Updated3 days ago•40.3k•406,•,https://huggingface.co/ValueFX9507/Tifa-Deepsex-14b-CoT-GGUF-Q4
Image-to-Image,deepseek-ai/Janus-Pro-7BAny-to-Any•Updated10 days ago•370k•2.84k,•,https://huggingface.co/deepseek-ai/Janus-Pro-7B
Image-to-Image,Zyphra/Zonos-v0.1-hybridText-to-Speech•Updatedabout 10 hours ago•80•289,•,https://huggingface.co/Zyphra/Zonos-v0.1-hybrid
Image-to-Image,hexgrad/Kokoro-82MText-to-Speech•Updated9 days ago•300k•3.02k,•,https://huggingface.co/hexgrad/Kokoro-82M
Image-to-Image,deepseek-ai/DeepSeek-V3Text Generation•Updated18 days ago•1.22M••3.34k,•,https://huggingface.co/deepseek-ai/DeepSeek-V3
Image-to-Image,simplescaling/s1-32BText Generation•Updatedabout 11 hours ago•5.39k•236,•,https://huggingface.co/simplescaling/s1-32B
Image-to-Image,unsloth/DeepSeek-R1-GGUFText Generation•Updated2 days ago•792k•697,•,https://huggingface.co/unsloth/DeepSeek-R1-GGUF
Image-to-Image,"black-forest-labs/FLUX.1-devText-to-Image•UpdatedAug 16, 2024•1.58M••8.62k",•,https://huggingface.co/black-forest-labs/FLUX.1-dev
Image-to-Image,mistralai/Mistral-Small-24B-Instruct-2501Text Generation•Updated9 days ago•263k••691,•,https://huggingface.co/mistralai/Mistral-Small-24B-Instruct-2501
Image-to-Video,deepseek-ai/DeepSeek-R1Text Generation•Updated2 days ago•2.67M••8.15k,•,https://huggingface.co/deepseek-ai/DeepSeek-R1
Image-to-Video,ValueFX9507/Tifa-Deepsex-14b-CoT-GGUF-Q4Reinforcement Learning•Updated3 days ago•40.3k•406,•,https://huggingface.co/ValueFX9507/Tifa-Deepsex-14b-CoT-GGUF-Q4
Image-to-Video,deepseek-ai/Janus-Pro-7BAny-to-Any•Updated10 days ago•370k•2.84k,•,https://huggingface.co/deepseek-ai/Janus-Pro-7B
Image-to-Video,Zyphra/Zonos-v0.1-hybridText-to-Speech•Updatedabout 10 hours ago•80•289,•,https://huggingface.co/Zyphra/Zonos-v0.1-hybrid
Image-to-Video,hexgrad/Kokoro-82MText-to-Speech•Updated9 days ago•300k•3.02k,•,https://huggingface.co/hexgrad/Kokoro-82M
Image-to-Video,deepseek-ai/DeepSeek-V3Text Generation•Updated18 days ago•1.22M••3.34k,•,https://huggingface.co/deepseek-ai/DeepSeek-V3
Image-to-Video,simplescaling/s1-32BText Generation•Updatedabout 11 hours ago•5.39k•236,•,https://huggingface.co/simplescaling/s1-32B
Image-to-Video,unsloth/DeepSeek-R1-GGUFText Generation•Updated2 days ago•792k•697,•,https://huggingface.co/unsloth/DeepSeek-R1-GGUF
Image-to-Video,"black-forest-labs/FLUX.1-devText-to-Image•UpdatedAug 16, 2024•1.58M••8.62k",•,https://huggingface.co/black-forest-labs/FLUX.1-dev
Image-to-Video,mistralai/Mistral-Small-24B-Instruct-2501Text Generation•Updated9 days ago•263k••691,•,https://huggingface.co/mistralai/Mistral-Small-24B-Instruct-2501
Unconditional Image Generation,deepseek-ai/DeepSeek-R1Text Generation•Updated2 days ago•2.67M••8.15k,•,https://huggingface.co/deepseek-ai/DeepSeek-R1
Unconditional Image Generation,ValueFX9507/Tifa-Deepsex-14b-CoT-GGUF-Q4Reinforcement Learning•Updated3 days ago•40.3k•406,•,https://huggingface.co/ValueFX9507/Tifa-Deepsex-14b-CoT-GGUF-Q4
Unconditional Image Generation,deepseek-ai/Janus-Pro-7BAny-to-Any•Updated10 days ago•370k•2.84k,•,https://huggingface.co/deepseek-ai/Janus-Pro-7B
Unconditional Image Generation,Zyphra/Zonos-v0.1-hybridText-to-Speech•Updatedabout 10 hours ago•80•289,•,https://huggingface.co/Zyphra/Zonos-v0.1-hybrid
Unconditional Image Generation,hexgrad/Kokoro-82MText-to-Speech•Updated9 days ago•300k•3.02k,•,https://huggingface.co/hexgrad/Kokoro-82M
Unconditional Image Generation,deepseek-ai/DeepSeek-V3Text Generation•Updated18 days ago•1.22M••3.34k,•,https://huggingface.co/deepseek-ai/DeepSeek-V3
Unconditional Image Generation,simplescaling/s1-32BText Generation•Updatedabout 11 hours ago•5.39k•236,•,https://huggingface.co/simplescaling/s1-32B
Unconditional Image Generation,unsloth/DeepSeek-R1-GGUFText Generation•Updated2 days ago•792k•697,•,https://huggingface.co/unsloth/DeepSeek-R1-GGUF
Unconditional Image Generation,"black-forest-labs/FLUX.1-devText-to-Image•UpdatedAug 16, 2024•1.58M••8.62k",•,https://huggingface.co/black-forest-labs/FLUX.1-dev
Unconditional Image Generation,mistralai/Mistral-Small-24B-Instruct-2501Text Generation•Updated9 days ago•263k••691,•,https://huggingface.co/mistralai/Mistral-Small-24B-Instruct-2501
Video Classification,deepseek-ai/DeepSeek-R1Text Generation•Updated2 days ago•2.67M••8.15k,•,https://huggingface.co/deepseek-ai/DeepSeek-R1
Video Classification,ValueFX9507/Tifa-Deepsex-14b-CoT-GGUF-Q4Reinforcement Learning•Updated3 days ago•40.3k•406,•,https://huggingface.co/ValueFX9507/Tifa-Deepsex-14b-CoT-GGUF-Q4
Video Classification,deepseek-ai/Janus-Pro-7BAny-to-Any•Updated10 days ago•370k•2.84k,•,https://huggingface.co/deepseek-ai/Janus-Pro-7B
Video Classification,Zyphra/Zonos-v0.1-hybridText-to-Speech•Updatedabout 10 hours ago•80•289,•,https://huggingface.co/Zyphra/Zonos-v0.1-hybrid
Video Classification,hexgrad/Kokoro-82MText-to-Speech•Updated9 days ago•300k•3.02k,•,https://huggingface.co/hexgrad/Kokoro-82M
Video Classification,deepseek-ai/DeepSeek-V3Text Generation•Updated18 days ago•1.22M••3.34k,•,https://huggingface.co/deepseek-ai/DeepSeek-V3
Video Classification,simplescaling/s1-32BText Generation•Updatedabout 11 hours ago•5.39k•236,•,https://huggingface.co/simplescaling/s1-32B
Video Classification,unsloth/DeepSeek-R1-GGUFText Generation•Updated2 days ago•792k•697,•,https://huggingface.co/unsloth/DeepSeek-R1-GGUF
Video Classification,"black-forest-labs/FLUX.1-devText-to-Image•UpdatedAug 16, 2024•1.58M••8.62k",•,https://huggingface.co/black-forest-labs/FLUX.1-dev
Video Classification,mistralai/Mistral-Small-24B-Instruct-2501Text Generation•Updated9 days ago•263k••691,•,https://huggingface.co/mistralai/Mistral-Small-24B-Instruct-2501
Text-to-Video,deepseek-ai/DeepSeek-R1Text Generation•Updated2 days ago•2.67M••8.15k,•,https://huggingface.co/deepseek-ai/DeepSeek-R1
Text-to-Video,ValueFX9507/Tifa-Deepsex-14b-CoT-GGUF-Q4Reinforcement Learning•Updated3 days ago•40.3k•406,•,https://huggingface.co/ValueFX9507/Tifa-Deepsex-14b-CoT-GGUF-Q4
Text-to-Video,deepseek-ai/Janus-Pro-7BAny-to-Any•Updated10 days ago•370k•2.84k,•,https://huggingface.co/deepseek-ai/Janus-Pro-7B
Text-to-Video,Zyphra/Zonos-v0.1-hybridText-to-Speech•Updatedabout 10 hours ago•80•289,•,https://huggingface.co/Zyphra/Zonos-v0.1-hybrid
Text-to-Video,hexgrad/Kokoro-82MText-to-Speech•Updated9 days ago•300k•3.02k,•,https://huggingface.co/hexgrad/Kokoro-82M
Text-to-Video,deepseek-ai/DeepSeek-V3Text Generation•Updated18 days ago•1.22M••3.34k,•,https://huggingface.co/deepseek-ai/DeepSeek-V3
Text-to-Video,simplescaling/s1-32BText Generation•Updatedabout 11 hours ago•5.39k•236,•,https://huggingface.co/simplescaling/s1-32B
Text-to-Video,unsloth/DeepSeek-R1-GGUFText Generation•Updated2 days ago•792k•697,•,https://huggingface.co/unsloth/DeepSeek-R1-GGUF
Text-to-Video,"black-forest-labs/FLUX.1-devText-to-Image•UpdatedAug 16, 2024•1.58M••8.62k",•,https://huggingface.co/black-forest-labs/FLUX.1-dev
Text-to-Video,mistralai/Mistral-Small-24B-Instruct-2501Text Generation•Updated9 days ago•263k••691,•,https://huggingface.co/mistralai/Mistral-Small-24B-Instruct-2501
Zero-Shot Image Classification,deepseek-ai/DeepSeek-R1Text Generation•Updated2 days ago•2.67M••8.15k,•,https://huggingface.co/deepseek-ai/DeepSeek-R1
Zero-Shot Image Classification,ValueFX9507/Tifa-Deepsex-14b-CoT-GGUF-Q4Reinforcement Learning•Updated3 days ago•40.3k•406,•,https://huggingface.co/ValueFX9507/Tifa-Deepsex-14b-CoT-GGUF-Q4
Zero-Shot Image Classification,deepseek-ai/Janus-Pro-7BAny-to-Any•Updated10 days ago•370k•2.84k,•,https://huggingface.co/deepseek-ai/Janus-Pro-7B
Zero-Shot Image Classification,Zyphra/Zonos-v0.1-hybridText-to-Speech•Updatedabout 10 hours ago•80•289,•,https://huggingface.co/Zyphra/Zonos-v0.1-hybrid
Zero-Shot Image Classification,hexgrad/Kokoro-82MText-to-Speech•Updated9 days ago•300k•3.02k,•,https://huggingface.co/hexgrad/Kokoro-82M
Zero-Shot Image Classification,deepseek-ai/DeepSeek-V3Text Generation•Updated18 days ago•1.22M••3.34k,•,https://huggingface.co/deepseek-ai/DeepSeek-V3
Zero-Shot Image Classification,simplescaling/s1-32BText Generation•Updatedabout 11 hours ago•5.39k•236,•,https://huggingface.co/simplescaling/s1-32B
Zero-Shot Image Classification,unsloth/DeepSeek-R1-GGUFText Generation•Updated2 days ago•792k•697,•,https://huggingface.co/unsloth/DeepSeek-R1-GGUF
Zero-Shot Image Classification,"black-forest-labs/FLUX.1-devText-to-Image•UpdatedAug 16, 2024•1.58M••8.62k",•,https://huggingface.co/black-forest-labs/FLUX.1-dev
Zero-Shot Image Classification,mistralai/Mistral-Small-24B-Instruct-2501Text Generation•Updated9 days ago•263k••691,•,https://huggingface.co/mistralai/Mistral-Small-24B-Instruct-2501
Mask Generation,deepseek-ai/DeepSeek-R1Text Generation•Updated2 days ago•2.67M••8.15k,•,https://huggingface.co/deepseek-ai/DeepSeek-R1
Mask Generation,ValueFX9507/Tifa-Deepsex-14b-CoT-GGUF-Q4Reinforcement Learning•Updated3 days ago•40.3k•406,•,https://huggingface.co/ValueFX9507/Tifa-Deepsex-14b-CoT-GGUF-Q4
Mask Generation,deepseek-ai/Janus-Pro-7BAny-to-Any•Updated10 days ago•370k•2.84k,•,https://huggingface.co/deepseek-ai/Janus-Pro-7B
Mask Generation,Zyphra/Zonos-v0.1-hybridText-to-Speech•Updatedabout 10 hours ago•80•289,•,https://huggingface.co/Zyphra/Zonos-v0.1-hybrid
Mask Generation,hexgrad/Kokoro-82MText-to-Speech•Updated9 days ago•300k•3.02k,•,https://huggingface.co/hexgrad/Kokoro-82M
Mask Generation,deepseek-ai/DeepSeek-V3Text Generation•Updated18 days ago•1.22M••3.34k,•,https://huggingface.co/deepseek-ai/DeepSeek-V3
Mask Generation,simplescaling/s1-32BText Generation•Updatedabout 11 hours ago•5.39k•236,•,https://huggingface.co/simplescaling/s1-32B
Mask Generation,unsloth/DeepSeek-R1-GGUFText Generation•Updated2 days ago•792k•697,•,https://huggingface.co/unsloth/DeepSeek-R1-GGUF
Mask Generation,"black-forest-labs/FLUX.1-devText-to-Image•UpdatedAug 16, 2024•1.58M••8.62k",•,https://huggingface.co/black-forest-labs/FLUX.1-dev
Mask Generation,mistralai/Mistral-Small-24B-Instruct-2501Text Generation•Updated9 days ago•263k••691,•,https://huggingface.co/mistralai/Mistral-Small-24B-Instruct-2501
Zero-Shot Object Detection,deepseek-ai/DeepSeek-R1Text Generation•Updated2 days ago•2.67M••8.15k,•,https://huggingface.co/deepseek-ai/DeepSeek-R1
Zero-Shot Object Detection,ValueFX9507/Tifa-Deepsex-14b-CoT-GGUF-Q4Reinforcement Learning•Updated3 days ago•40.3k•406,•,https://huggingface.co/ValueFX9507/Tifa-Deepsex-14b-CoT-GGUF-Q4
Zero-Shot Object Detection,deepseek-ai/Janus-Pro-7BAny-to-Any•Updated10 days ago•370k•2.84k,•,https://huggingface.co/deepseek-ai/Janus-Pro-7B
Zero-Shot Object Detection,Zyphra/Zonos-v0.1-hybridText-to-Speech•Updatedabout 10 hours ago•80•289,•,https://huggingface.co/Zyphra/Zonos-v0.1-hybrid
Zero-Shot Object Detection,hexgrad/Kokoro-82MText-to-Speech•Updated9 days ago•300k•3.02k,•,https://huggingface.co/hexgrad/Kokoro-82M
Zero-Shot Object Detection,deepseek-ai/DeepSeek-V3Text Generation•Updated18 days ago•1.22M••3.34k,•,https://huggingface.co/deepseek-ai/DeepSeek-V3
Zero-Shot Object Detection,simplescaling/s1-32BText Generation•Updatedabout 11 hours ago•5.39k•236,•,https://huggingface.co/simplescaling/s1-32B
Zero-Shot Object Detection,unsloth/DeepSeek-R1-GGUFText Generation•Updated2 days ago•792k•697,•,https://huggingface.co/unsloth/DeepSeek-R1-GGUF
Zero-Shot Object Detection,"black-forest-labs/FLUX.1-devText-to-Image•UpdatedAug 16, 2024•1.58M••8.62k",•,https://huggingface.co/black-forest-labs/FLUX.1-dev
Zero-Shot Object Detection,mistralai/Mistral-Small-24B-Instruct-2501Text Generation•Updated9 days ago•263k••691,•,https://huggingface.co/mistralai/Mistral-Small-24B-Instruct-2501
Text-to-3D,deepseek-ai/DeepSeek-R1Text Generation•Updated2 days ago•2.67M••8.15k,•,https://huggingface.co/deepseek-ai/DeepSeek-R1
Text-to-3D,ValueFX9507/Tifa-Deepsex-14b-CoT-GGUF-Q4Reinforcement Learning•Updated3 days ago•40.3k•406,•,https://huggingface.co/ValueFX9507/Tifa-Deepsex-14b-CoT-GGUF-Q4
Text-to-3D,deepseek-ai/Janus-Pro-7BAny-to-Any•Updated10 days ago•370k•2.84k,•,https://huggingface.co/deepseek-ai/Janus-Pro-7B
Text-to-3D,Zyphra/Zonos-v0.1-hybridText-to-Speech•Updatedabout 10 hours ago•80•289,•,https://huggingface.co/Zyphra/Zonos-v0.1-hybrid
Text-to-3D,hexgrad/Kokoro-82MText-to-Speech•Updated9 days ago•300k•3.02k,•,https://huggingface.co/hexgrad/Kokoro-82M
Text-to-3D,deepseek-ai/DeepSeek-V3Text Generation•Updated18 days ago•1.22M••3.34k,•,https://huggingface.co/deepseek-ai/DeepSeek-V3
Text-to-3D,simplescaling/s1-32BText Generation•Updatedabout 11 hours ago•5.39k•236,•,https://huggingface.co/simplescaling/s1-32B
Text-to-3D,unsloth/DeepSeek-R1-GGUFText Generation•Updated2 days ago•792k•697,•,https://huggingface.co/unsloth/DeepSeek-R1-GGUF
Text-to-3D,"black-forest-labs/FLUX.1-devText-to-Image•UpdatedAug 16, 2024•1.58M••8.62k",•,https://huggingface.co/black-forest-labs/FLUX.1-dev
Text-to-3D,mistralai/Mistral-Small-24B-Instruct-2501Text Generation•Updated9 days ago•263k••691,•,https://huggingface.co/mistralai/Mistral-Small-24B-Instruct-2501
Image-to-3D,deepseek-ai/DeepSeek-R1Text Generation•Updated2 days ago•2.67M••8.15k,•,https://huggingface.co/deepseek-ai/DeepSeek-R1
Image-to-3D,ValueFX9507/Tifa-Deepsex-14b-CoT-GGUF-Q4Reinforcement Learning•Updated3 days ago•40.3k•406,•,https://huggingface.co/ValueFX9507/Tifa-Deepsex-14b-CoT-GGUF-Q4
Image-to-3D,deepseek-ai/Janus-Pro-7BAny-to-Any•Updated10 days ago•370k•2.84k,•,https://huggingface.co/deepseek-ai/Janus-Pro-7B
Image-to-3D,Zyphra/Zonos-v0.1-hybridText-to-Speech•Updatedabout 10 hours ago•80•289,•,https://huggingface.co/Zyphra/Zonos-v0.1-hybrid
Image-to-3D,hexgrad/Kokoro-82MText-to-Speech•Updated9 days ago•300k•3.02k,•,https://huggingface.co/hexgrad/Kokoro-82M
Image-to-3D,deepseek-ai/DeepSeek-V3Text Generation•Updated18 days ago•1.22M••3.34k,•,https://huggingface.co/deepseek-ai/DeepSeek-V3
Image-to-3D,simplescaling/s1-32BText Generation•Updatedabout 11 hours ago•5.39k•236,•,https://huggingface.co/simplescaling/s1-32B
Image-to-3D,unsloth/DeepSeek-R1-GGUFText Generation•Updated2 days ago•792k•697,•,https://huggingface.co/unsloth/DeepSeek-R1-GGUF
Image-to-3D,"black-forest-labs/FLUX.1-devText-to-Image•UpdatedAug 16, 2024•1.58M••8.62k",•,https://huggingface.co/black-forest-labs/FLUX.1-dev
Image-to-3D,mistralai/Mistral-Small-24B-Instruct-2501Text Generation•Updated9 days ago•263k••691,•,https://huggingface.co/mistralai/Mistral-Small-24B-Instruct-2501
Image Feature Extraction,deepseek-ai/DeepSeek-R1Text Generation•Updated2 days ago•2.67M••8.15k,•,https://huggingface.co/deepseek-ai/DeepSeek-R1
Image Feature Extraction,ValueFX9507/Tifa-Deepsex-14b-CoT-GGUF-Q4Reinforcement Learning•Updated3 days ago•40.3k•406,•,https://huggingface.co/ValueFX9507/Tifa-Deepsex-14b-CoT-GGUF-Q4
Image Feature Extraction,deepseek-ai/Janus-Pro-7BAny-to-Any•Updated10 days ago•370k•2.84k,•,https://huggingface.co/deepseek-ai/Janus-Pro-7B
Image Feature Extraction,Zyphra/Zonos-v0.1-hybridText-to-Speech•Updatedabout 10 hours ago•80•289,•,https://huggingface.co/Zyphra/Zonos-v0.1-hybrid
Image Feature Extraction,hexgrad/Kokoro-82MText-to-Speech•Updated9 days ago•300k•3.02k,•,https://huggingface.co/hexgrad/Kokoro-82M
Image Feature Extraction,deepseek-ai/DeepSeek-V3Text Generation•Updated18 days ago•1.22M••3.34k,•,https://huggingface.co/deepseek-ai/DeepSeek-V3
Image Feature Extraction,simplescaling/s1-32BText Generation•Updatedabout 11 hours ago•5.39k•236,•,https://huggingface.co/simplescaling/s1-32B
Image Feature Extraction,unsloth/DeepSeek-R1-GGUFText Generation•Updated2 days ago•792k•697,•,https://huggingface.co/unsloth/DeepSeek-R1-GGUF
Image Feature Extraction,"black-forest-labs/FLUX.1-devText-to-Image•UpdatedAug 16, 2024•1.58M••8.62k",•,https://huggingface.co/black-forest-labs/FLUX.1-dev
Image Feature Extraction,mistralai/Mistral-Small-24B-Instruct-2501Text Generation•Updated9 days ago•263k••691,•,https://huggingface.co/mistralai/Mistral-Small-24B-Instruct-2501
Keypoint Detection,deepseek-ai/DeepSeek-R1Text Generation•Updated2 days ago•2.67M••8.15k,•,https://huggingface.co/deepseek-ai/DeepSeek-R1
Keypoint Detection,ValueFX9507/Tifa-Deepsex-14b-CoT-GGUF-Q4Reinforcement Learning•Updated3 days ago•40.3k•406,•,https://huggingface.co/ValueFX9507/Tifa-Deepsex-14b-CoT-GGUF-Q4
Keypoint Detection,deepseek-ai/Janus-Pro-7BAny-to-Any•Updated10 days ago•370k•2.84k,•,https://huggingface.co/deepseek-ai/Janus-Pro-7B
Keypoint Detection,Zyphra/Zonos-v0.1-hybridText-to-Speech•Updatedabout 10 hours ago•80•289,•,https://huggingface.co/Zyphra/Zonos-v0.1-hybrid
Keypoint Detection,hexgrad/Kokoro-82MText-to-Speech•Updated9 days ago•300k•3.02k,•,https://huggingface.co/hexgrad/Kokoro-82M
Keypoint Detection,deepseek-ai/DeepSeek-V3Text Generation•Updated18 days ago•1.22M••3.34k,•,https://huggingface.co/deepseek-ai/DeepSeek-V3
Keypoint Detection,simplescaling/s1-32BText Generation•Updatedabout 11 hours ago•5.39k•236,•,https://huggingface.co/simplescaling/s1-32B
Keypoint Detection,unsloth/DeepSeek-R1-GGUFText Generation•Updated2 days ago•792k•697,•,https://huggingface.co/unsloth/DeepSeek-R1-GGUF
Keypoint Detection,"black-forest-labs/FLUX.1-devText-to-Image•UpdatedAug 16, 2024•1.58M••8.62k",•,https://huggingface.co/black-forest-labs/FLUX.1-dev
Keypoint Detection,mistralai/Mistral-Small-24B-Instruct-2501Text Generation•Updated9 days ago•263k••691,•,https://huggingface.co/mistralai/Mistral-Small-24B-Instruct-2501
Text Classification,deepseek-ai/DeepSeek-R1Text Generation•Updated2 days ago•2.67M••8.15k,•,https://huggingface.co/deepseek-ai/DeepSeek-R1
Text Classification,ValueFX9507/Tifa-Deepsex-14b-CoT-GGUF-Q4Reinforcement Learning•Updated3 days ago•40.3k•406,•,https://huggingface.co/ValueFX9507/Tifa-Deepsex-14b-CoT-GGUF-Q4
Text Classification,deepseek-ai/Janus-Pro-7BAny-to-Any•Updated10 days ago•370k•2.84k,•,https://huggingface.co/deepseek-ai/Janus-Pro-7B
Text Classification,Zyphra/Zonos-v0.1-hybridText-to-Speech•Updatedabout 10 hours ago•80•289,•,https://huggingface.co/Zyphra/Zonos-v0.1-hybrid
Text Classification,hexgrad/Kokoro-82MText-to-Speech•Updated9 days ago•300k•3.02k,•,https://huggingface.co/hexgrad/Kokoro-82M
Text Classification,deepseek-ai/DeepSeek-V3Text Generation•Updated18 days ago•1.22M••3.34k,•,https://huggingface.co/deepseek-ai/DeepSeek-V3
Text Classification,simplescaling/s1-32BText Generation•Updatedabout 11 hours ago•5.39k•236,•,https://huggingface.co/simplescaling/s1-32B
Text Classification,unsloth/DeepSeek-R1-GGUFText Generation•Updated2 days ago•792k•697,•,https://huggingface.co/unsloth/DeepSeek-R1-GGUF
Text Classification,"black-forest-labs/FLUX.1-devText-to-Image•UpdatedAug 16, 2024•1.58M••8.62k",•,https://huggingface.co/black-forest-labs/FLUX.1-dev
Text Classification,mistralai/Mistral-Small-24B-Instruct-2501Text Generation•Updated9 days ago•263k••691,•,https://huggingface.co/mistralai/Mistral-Small-24B-Instruct-2501
Token Classification,deepseek-ai/DeepSeek-R1Text Generation•Updated2 days ago•2.67M••8.15k,•,https://huggingface.co/deepseek-ai/DeepSeek-R1
Token Classification,ValueFX9507/Tifa-Deepsex-14b-CoT-GGUF-Q4Reinforcement Learning•Updated3 days ago•40.3k•406,•,https://huggingface.co/ValueFX9507/Tifa-Deepsex-14b-CoT-GGUF-Q4
Token Classification,deepseek-ai/Janus-Pro-7BAny-to-Any•Updated10 days ago•370k•2.84k,•,https://huggingface.co/deepseek-ai/Janus-Pro-7B
Token Classification,Zyphra/Zonos-v0.1-hybridText-to-Speech•Updatedabout 10 hours ago•80•289,•,https://huggingface.co/Zyphra/Zonos-v0.1-hybrid
Token Classification,hexgrad/Kokoro-82MText-to-Speech•Updated9 days ago•300k•3.02k,•,https://huggingface.co/hexgrad/Kokoro-82M
Token Classification,deepseek-ai/DeepSeek-V3Text Generation•Updated18 days ago•1.22M••3.34k,•,https://huggingface.co/deepseek-ai/DeepSeek-V3
Token Classification,simplescaling/s1-32BText Generation•Updatedabout 11 hours ago•5.39k•236,•,https://huggingface.co/simplescaling/s1-32B
Token Classification,unsloth/DeepSeek-R1-GGUFText Generation•Updated2 days ago•792k•697,•,https://huggingface.co/unsloth/DeepSeek-R1-GGUF
Token Classification,"black-forest-labs/FLUX.1-devText-to-Image•UpdatedAug 16, 2024•1.58M••8.62k",•,https://huggingface.co/black-forest-labs/FLUX.1-dev
Token Classification,mistralai/Mistral-Small-24B-Instruct-2501Text Generation•Updated9 days ago•263k••691,•,https://huggingface.co/mistralai/Mistral-Small-24B-Instruct-2501
Table Question Answering,deepseek-ai/DeepSeek-R1Text Generation•Updated2 days ago•2.67M••8.15k,•,https://huggingface.co/deepseek-ai/DeepSeek-R1
Table Question Answering,ValueFX9507/Tifa-Deepsex-14b-CoT-GGUF-Q4Reinforcement Learning•Updated3 days ago•40.3k•406,•,https://huggingface.co/ValueFX9507/Tifa-Deepsex-14b-CoT-GGUF-Q4
Table Question Answering,deepseek-ai/Janus-Pro-7BAny-to-Any•Updated10 days ago•370k•2.84k,•,https://huggingface.co/deepseek-ai/Janus-Pro-7B
Table Question Answering,Zyphra/Zonos-v0.1-hybridText-to-Speech•Updatedabout 10 hours ago•80•289,•,https://huggingface.co/Zyphra/Zonos-v0.1-hybrid
Table Question Answering,hexgrad/Kokoro-82MText-to-Speech•Updated9 days ago•300k•3.02k,•,https://huggingface.co/hexgrad/Kokoro-82M
Table Question Answering,deepseek-ai/DeepSeek-V3Text Generation•Updated18 days ago•1.22M••3.34k,•,https://huggingface.co/deepseek-ai/DeepSeek-V3
Table Question Answering,simplescaling/s1-32BText Generation•Updatedabout 11 hours ago•5.39k•236,•,https://huggingface.co/simplescaling/s1-32B
Table Question Answering,unsloth/DeepSeek-R1-GGUFText Generation•Updated2 days ago•792k•697,•,https://huggingface.co/unsloth/DeepSeek-R1-GGUF
Table Question Answering,"black-forest-labs/FLUX.1-devText-to-Image•UpdatedAug 16, 2024•1.58M••8.62k",•,https://huggingface.co/black-forest-labs/FLUX.1-dev
Table Question Answering,mistralai/Mistral-Small-24B-Instruct-2501Text Generation•Updated9 days ago•263k••691,•,https://huggingface.co/mistralai/Mistral-Small-24B-Instruct-2501
Question Answering,deepseek-ai/DeepSeek-R1Text Generation•Updated2 days ago•2.67M••8.15k,•,https://huggingface.co/deepseek-ai/DeepSeek-R1
Question Answering,ValueFX9507/Tifa-Deepsex-14b-CoT-GGUF-Q4Reinforcement Learning•Updated3 days ago•40.3k•406,•,https://huggingface.co/ValueFX9507/Tifa-Deepsex-14b-CoT-GGUF-Q4
Question Answering,deepseek-ai/Janus-Pro-7BAny-to-Any•Updated10 days ago•370k•2.84k,•,https://huggingface.co/deepseek-ai/Janus-Pro-7B
Question Answering,Zyphra/Zonos-v0.1-hybridText-to-Speech•Updatedabout 10 hours ago•80•289,•,https://huggingface.co/Zyphra/Zonos-v0.1-hybrid
Question Answering,hexgrad/Kokoro-82MText-to-Speech•Updated9 days ago•300k•3.02k,•,https://huggingface.co/hexgrad/Kokoro-82M
Question Answering,deepseek-ai/DeepSeek-V3Text Generation•Updated18 days ago•1.22M••3.34k,•,https://huggingface.co/deepseek-ai/DeepSeek-V3
Question Answering,simplescaling/s1-32BText Generation•Updatedabout 11 hours ago•5.39k•236,•,https://huggingface.co/simplescaling/s1-32B
Question Answering,unsloth/DeepSeek-R1-GGUFText Generation•Updated2 days ago•792k•697,•,https://huggingface.co/unsloth/DeepSeek-R1-GGUF
Question Answering,"black-forest-labs/FLUX.1-devText-to-Image•UpdatedAug 16, 2024•1.58M••8.62k",•,https://huggingface.co/black-forest-labs/FLUX.1-dev
Question Answering,mistralai/Mistral-Small-24B-Instruct-2501Text Generation•Updated9 days ago•263k••691,•,https://huggingface.co/mistralai/Mistral-Small-24B-Instruct-2501
Zero-Shot Classification,deepseek-ai/DeepSeek-R1Text Generation•Updated2 days ago•2.67M••8.15k,•,https://huggingface.co/deepseek-ai/DeepSeek-R1
Zero-Shot Classification,ValueFX9507/Tifa-Deepsex-14b-CoT-GGUF-Q4Reinforcement Learning•Updated3 days ago•40.3k•406,•,https://huggingface.co/ValueFX9507/Tifa-Deepsex-14b-CoT-GGUF-Q4
Zero-Shot Classification,deepseek-ai/Janus-Pro-7BAny-to-Any•Updated10 days ago•370k•2.84k,•,https://huggingface.co/deepseek-ai/Janus-Pro-7B
Zero-Shot Classification,Zyphra/Zonos-v0.1-hybridText-to-Speech•Updatedabout 10 hours ago•80•289,•,https://huggingface.co/Zyphra/Zonos-v0.1-hybrid
Zero-Shot Classification,hexgrad/Kokoro-82MText-to-Speech•Updated9 days ago•300k•3.02k,•,https://huggingface.co/hexgrad/Kokoro-82M
Zero-Shot Classification,deepseek-ai/DeepSeek-V3Text Generation•Updated18 days ago•1.22M••3.34k,•,https://huggingface.co/deepseek-ai/DeepSeek-V3
Zero-Shot Classification,simplescaling/s1-32BText Generation•Updatedabout 11 hours ago•5.39k•236,•,https://huggingface.co/simplescaling/s1-32B
Zero-Shot Classification,unsloth/DeepSeek-R1-GGUFText Generation•Updated2 days ago•792k•697,•,https://huggingface.co/unsloth/DeepSeek-R1-GGUF
Zero-Shot Classification,"black-forest-labs/FLUX.1-devText-to-Image•UpdatedAug 16, 2024•1.58M••8.62k",•,https://huggingface.co/black-forest-labs/FLUX.1-dev
Zero-Shot Classification,mistralai/Mistral-Small-24B-Instruct-2501Text Generation•Updated9 days ago•263k••691,•,https://huggingface.co/mistralai/Mistral-Small-24B-Instruct-2501
Translation,deepseek-ai/DeepSeek-R1Text Generation•Updated2 days ago•2.67M••8.15k,•,https://huggingface.co/deepseek-ai/DeepSeek-R1
Translation,ValueFX9507/Tifa-Deepsex-14b-CoT-GGUF-Q4Reinforcement Learning•Updated3 days ago•40.3k•406,•,https://huggingface.co/ValueFX9507/Tifa-Deepsex-14b-CoT-GGUF-Q4
Translation,deepseek-ai/Janus-Pro-7BAny-to-Any•Updated10 days ago•370k•2.84k,•,https://huggingface.co/deepseek-ai/Janus-Pro-7B
Translation,Zyphra/Zonos-v0.1-hybridText-to-Speech•Updatedabout 10 hours ago•80•289,•,https://huggingface.co/Zyphra/Zonos-v0.1-hybrid
Translation,hexgrad/Kokoro-82MText-to-Speech•Updated9 days ago•300k•3.02k,•,https://huggingface.co/hexgrad/Kokoro-82M
Translation,deepseek-ai/DeepSeek-V3Text Generation•Updated18 days ago•1.22M••3.34k,•,https://huggingface.co/deepseek-ai/DeepSeek-V3
Translation,simplescaling/s1-32BText Generation•Updatedabout 11 hours ago•5.39k•236,•,https://huggingface.co/simplescaling/s1-32B
Translation,unsloth/DeepSeek-R1-GGUFText Generation•Updated2 days ago•792k•697,•,https://huggingface.co/unsloth/DeepSeek-R1-GGUF
Translation,"black-forest-labs/FLUX.1-devText-to-Image•UpdatedAug 16, 2024•1.58M••8.62k",•,https://huggingface.co/black-forest-labs/FLUX.1-dev
Translation,mistralai/Mistral-Small-24B-Instruct-2501Text Generation•Updated9 days ago•263k••691,•,https://huggingface.co/mistralai/Mistral-Small-24B-Instruct-2501
Summarization,deepseek-ai/DeepSeek-R1Text Generation•Updated2 days ago•2.67M••8.15k,•,https://huggingface.co/deepseek-ai/DeepSeek-R1
Summarization,ValueFX9507/Tifa-Deepsex-14b-CoT-GGUF-Q4Reinforcement Learning•Updated3 days ago•40.3k•406,•,https://huggingface.co/ValueFX9507/Tifa-Deepsex-14b-CoT-GGUF-Q4
Summarization,deepseek-ai/Janus-Pro-7BAny-to-Any•Updated10 days ago•370k•2.84k,•,https://huggingface.co/deepseek-ai/Janus-Pro-7B
Summarization,Zyphra/Zonos-v0.1-hybridText-to-Speech•Updatedabout 10 hours ago•80•289,•,https://huggingface.co/Zyphra/Zonos-v0.1-hybrid
Summarization,hexgrad/Kokoro-82MText-to-Speech•Updated9 days ago•300k•3.02k,•,https://huggingface.co/hexgrad/Kokoro-82M
Summarization,deepseek-ai/DeepSeek-V3Text Generation•Updated18 days ago•1.22M••3.34k,•,https://huggingface.co/deepseek-ai/DeepSeek-V3
Summarization,simplescaling/s1-32BText Generation•Updatedabout 11 hours ago•5.39k•236,•,https://huggingface.co/simplescaling/s1-32B
Summarization,unsloth/DeepSeek-R1-GGUFText Generation•Updated2 days ago•792k•697,•,https://huggingface.co/unsloth/DeepSeek-R1-GGUF
Summarization,"black-forest-labs/FLUX.1-devText-to-Image•UpdatedAug 16, 2024•1.58M••8.62k",•,https://huggingface.co/black-forest-labs/FLUX.1-dev
Summarization,mistralai/Mistral-Small-24B-Instruct-2501Text Generation•Updated9 days ago•263k••691,•,https://huggingface.co/mistralai/Mistral-Small-24B-Instruct-2501
Feature Extraction,deepseek-ai/DeepSeek-R1Text Generation•Updated2 days ago•2.67M••8.15k,•,https://huggingface.co/deepseek-ai/DeepSeek-R1
Feature Extraction,ValueFX9507/Tifa-Deepsex-14b-CoT-GGUF-Q4Reinforcement Learning•Updated3 days ago•40.3k•406,•,https://huggingface.co/ValueFX9507/Tifa-Deepsex-14b-CoT-GGUF-Q4
Feature Extraction,deepseek-ai/Janus-Pro-7BAny-to-Any•Updated10 days ago•370k•2.84k,•,https://huggingface.co/deepseek-ai/Janus-Pro-7B
Feature Extraction,Zyphra/Zonos-v0.1-hybridText-to-Speech•Updatedabout 10 hours ago•80•289,•,https://huggingface.co/Zyphra/Zonos-v0.1-hybrid
Feature Extraction,hexgrad/Kokoro-82MText-to-Speech•Updated9 days ago•300k•3.02k,•,https://huggingface.co/hexgrad/Kokoro-82M
Feature Extraction,deepseek-ai/DeepSeek-V3Text Generation•Updated18 days ago•1.22M••3.34k,•,https://huggingface.co/deepseek-ai/DeepSeek-V3
Feature Extraction,simplescaling/s1-32BText Generation•Updatedabout 11 hours ago•5.39k•236,•,https://huggingface.co/simplescaling/s1-32B
Feature Extraction,unsloth/DeepSeek-R1-GGUFText Generation•Updated2 days ago•792k•697,•,https://huggingface.co/unsloth/DeepSeek-R1-GGUF
Feature Extraction,"black-forest-labs/FLUX.1-devText-to-Image•UpdatedAug 16, 2024•1.58M••8.62k",•,https://huggingface.co/black-forest-labs/FLUX.1-dev
Feature Extraction,mistralai/Mistral-Small-24B-Instruct-2501Text Generation•Updated9 days ago•263k••691,•,https://huggingface.co/mistralai/Mistral-Small-24B-Instruct-2501
Text Generation,deepseek-ai/DeepSeek-R1Text Generation•Updated2 days ago•2.67M••8.15k,•,https://huggingface.co/deepseek-ai/DeepSeek-R1
Text Generation,ValueFX9507/Tifa-Deepsex-14b-CoT-GGUF-Q4Reinforcement Learning•Updated3 days ago•40.3k•406,•,https://huggingface.co/ValueFX9507/Tifa-Deepsex-14b-CoT-GGUF-Q4
Text Generation,deepseek-ai/Janus-Pro-7BAny-to-Any•Updated10 days ago•370k•2.84k,•,https://huggingface.co/deepseek-ai/Janus-Pro-7B
Text Generation,Zyphra/Zonos-v0.1-hybridText-to-Speech•Updatedabout 10 hours ago•80•289,•,https://huggingface.co/Zyphra/Zonos-v0.1-hybrid
Text Generation,hexgrad/Kokoro-82MText-to-Speech•Updated9 days ago•300k•3.02k,•,https://huggingface.co/hexgrad/Kokoro-82M
Text Generation,deepseek-ai/DeepSeek-V3Text Generation•Updated18 days ago•1.22M••3.34k,•,https://huggingface.co/deepseek-ai/DeepSeek-V3
Text Generation,simplescaling/s1-32BText Generation•Updatedabout 11 hours ago•5.39k•236,•,https://huggingface.co/simplescaling/s1-32B
Text Generation,unsloth/DeepSeek-R1-GGUFText Generation•Updated2 days ago•792k•697,•,https://huggingface.co/unsloth/DeepSeek-R1-GGUF
Text Generation,"black-forest-labs/FLUX.1-devText-to-Image•UpdatedAug 16, 2024•1.58M••8.62k",•,https://huggingface.co/black-forest-labs/FLUX.1-dev
Text Generation,mistralai/Mistral-Small-24B-Instruct-2501Text Generation•Updated9 days ago•263k••691,•,https://huggingface.co/mistralai/Mistral-Small-24B-Instruct-2501
Text2Text Generation,deepseek-ai/DeepSeek-R1Text Generation•Updated2 days ago•2.67M••8.15k,•,https://huggingface.co/deepseek-ai/DeepSeek-R1
Text2Text Generation,ValueFX9507/Tifa-Deepsex-14b-CoT-GGUF-Q4Reinforcement Learning•Updated3 days ago•40.3k•406,•,https://huggingface.co/ValueFX9507/Tifa-Deepsex-14b-CoT-GGUF-Q4
Text2Text Generation,deepseek-ai/Janus-Pro-7BAny-to-Any•Updated10 days ago•370k•2.84k,•,https://huggingface.co/deepseek-ai/Janus-Pro-7B
Text2Text Generation,Zyphra/Zonos-v0.1-hybridText-to-Speech•Updatedabout 10 hours ago•80•289,•,https://huggingface.co/Zyphra/Zonos-v0.1-hybrid
Text2Text Generation,hexgrad/Kokoro-82MText-to-Speech•Updated9 days ago•300k•3.02k,•,https://huggingface.co/hexgrad/Kokoro-82M
Text2Text Generation,deepseek-ai/DeepSeek-V3Text Generation•Updated18 days ago•1.22M••3.34k,•,https://huggingface.co/deepseek-ai/DeepSeek-V3
Text2Text Generation,simplescaling/s1-32BText Generation•Updatedabout 11 hours ago•5.39k•236,•,https://huggingface.co/simplescaling/s1-32B
Text2Text Generation,unsloth/DeepSeek-R1-GGUFText Generation•Updated2 days ago•792k•697,•,https://huggingface.co/unsloth/DeepSeek-R1-GGUF
Text2Text Generation,"black-forest-labs/FLUX.1-devText-to-Image•UpdatedAug 16, 2024•1.58M••8.62k",•,https://huggingface.co/black-forest-labs/FLUX.1-dev
Text2Text Generation,mistralai/Mistral-Small-24B-Instruct-2501Text Generation•Updated9 days ago•263k••691,•,https://huggingface.co/mistralai/Mistral-Small-24B-Instruct-2501
Fill-Mask,deepseek-ai/DeepSeek-R1Text Generation•Updated2 days ago•2.67M••8.15k,•,https://huggingface.co/deepseek-ai/DeepSeek-R1
Fill-Mask,ValueFX9507/Tifa-Deepsex-14b-CoT-GGUF-Q4Reinforcement Learning•Updated3 days ago•40.3k•406,•,https://huggingface.co/ValueFX9507/Tifa-Deepsex-14b-CoT-GGUF-Q4
Fill-Mask,deepseek-ai/Janus-Pro-7BAny-to-Any•Updated10 days ago•370k•2.84k,•,https://huggingface.co/deepseek-ai/Janus-Pro-7B
Fill-Mask,Zyphra/Zonos-v0.1-hybridText-to-Speech•Updatedabout 10 hours ago•80•289,•,https://huggingface.co/Zyphra/Zonos-v0.1-hybrid
Fill-Mask,hexgrad/Kokoro-82MText-to-Speech•Updated9 days ago•300k•3.02k,•,https://huggingface.co/hexgrad/Kokoro-82M
Fill-Mask,deepseek-ai/DeepSeek-V3Text Generation•Updated18 days ago•1.22M••3.34k,•,https://huggingface.co/deepseek-ai/DeepSeek-V3
Fill-Mask,simplescaling/s1-32BText Generation•Updatedabout 11 hours ago•5.39k•236,•,https://huggingface.co/simplescaling/s1-32B
Fill-Mask,unsloth/DeepSeek-R1-GGUFText Generation•Updated2 days ago•792k•697,•,https://huggingface.co/unsloth/DeepSeek-R1-GGUF
Fill-Mask,"black-forest-labs/FLUX.1-devText-to-Image•UpdatedAug 16, 2024•1.58M••8.62k",•,https://huggingface.co/black-forest-labs/FLUX.1-dev
Fill-Mask,mistralai/Mistral-Small-24B-Instruct-2501Text Generation•Updated9 days ago•263k••691,•,https://huggingface.co/mistralai/Mistral-Small-24B-Instruct-2501
Sentence Similarity,deepseek-ai/DeepSeek-R1Text Generation•Updated2 days ago•2.67M••8.15k,•,https://huggingface.co/deepseek-ai/DeepSeek-R1
Sentence Similarity,ValueFX9507/Tifa-Deepsex-14b-CoT-GGUF-Q4Reinforcement Learning•Updated3 days ago•40.3k•406,•,https://huggingface.co/ValueFX9507/Tifa-Deepsex-14b-CoT-GGUF-Q4
Sentence Similarity,deepseek-ai/Janus-Pro-7BAny-to-Any•Updated10 days ago•370k•2.84k,•,https://huggingface.co/deepseek-ai/Janus-Pro-7B
Sentence Similarity,Zyphra/Zonos-v0.1-hybridText-to-Speech•Updatedabout 10 hours ago•80•289,•,https://huggingface.co/Zyphra/Zonos-v0.1-hybrid
Sentence Similarity,hexgrad/Kokoro-82MText-to-Speech•Updated9 days ago•300k•3.02k,•,https://huggingface.co/hexgrad/Kokoro-82M
Sentence Similarity,deepseek-ai/DeepSeek-V3Text Generation•Updated18 days ago•1.22M••3.34k,•,https://huggingface.co/deepseek-ai/DeepSeek-V3
Sentence Similarity,simplescaling/s1-32BText Generation•Updatedabout 11 hours ago•5.39k•236,•,https://huggingface.co/simplescaling/s1-32B
Sentence Similarity,unsloth/DeepSeek-R1-GGUFText Generation•Updated2 days ago•792k•697,•,https://huggingface.co/unsloth/DeepSeek-R1-GGUF
Sentence Similarity,"black-forest-labs/FLUX.1-devText-to-Image•UpdatedAug 16, 2024•1.58M••8.62k",•,https://huggingface.co/black-forest-labs/FLUX.1-dev
Sentence Similarity,mistralai/Mistral-Small-24B-Instruct-2501Text Generation•Updated9 days ago•263k••691,•,https://huggingface.co/mistralai/Mistral-Small-24B-Instruct-2501
Text-to-Speech,deepseek-ai/DeepSeek-R1Text Generation•Updated2 days ago•2.67M••8.15k,•,https://huggingface.co/deepseek-ai/DeepSeek-R1
Text-to-Speech,ValueFX9507/Tifa-Deepsex-14b-CoT-GGUF-Q4Reinforcement Learning•Updated3 days ago•40.3k•406,•,https://huggingface.co/ValueFX9507/Tifa-Deepsex-14b-CoT-GGUF-Q4
Text-to-Speech,deepseek-ai/Janus-Pro-7BAny-to-Any•Updated10 days ago•370k•2.84k,•,https://huggingface.co/deepseek-ai/Janus-Pro-7B
Text-to-Speech,Zyphra/Zonos-v0.1-hybridText-to-Speech•Updatedabout 10 hours ago•80•289,•,https://huggingface.co/Zyphra/Zonos-v0.1-hybrid
Text-to-Speech,hexgrad/Kokoro-82MText-to-Speech•Updated9 days ago•300k•3.02k,•,https://huggingface.co/hexgrad/Kokoro-82M
Text-to-Speech,deepseek-ai/DeepSeek-V3Text Generation•Updated18 days ago•1.22M••3.34k,•,https://huggingface.co/deepseek-ai/DeepSeek-V3
Text-to-Speech,simplescaling/s1-32BText Generation•Updatedabout 11 hours ago•5.39k•236,•,https://huggingface.co/simplescaling/s1-32B
Text-to-Speech,unsloth/DeepSeek-R1-GGUFText Generation•Updated2 days ago•792k•697,•,https://huggingface.co/unsloth/DeepSeek-R1-GGUF
Text-to-Speech,"black-forest-labs/FLUX.1-devText-to-Image•UpdatedAug 16, 2024•1.58M••8.62k",•,https://huggingface.co/black-forest-labs/FLUX.1-dev
Text-to-Speech,mistralai/Mistral-Small-24B-Instruct-2501Text Generation•Updated9 days ago•263k••691,•,https://huggingface.co/mistralai/Mistral-Small-24B-Instruct-2501
Text-to-Audio,deepseek-ai/DeepSeek-R1Text Generation•Updated2 days ago•2.67M••8.15k,•,https://huggingface.co/deepseek-ai/DeepSeek-R1
Text-to-Audio,ValueFX9507/Tifa-Deepsex-14b-CoT-GGUF-Q4Reinforcement Learning•Updated3 days ago•40.3k•406,•,https://huggingface.co/ValueFX9507/Tifa-Deepsex-14b-CoT-GGUF-Q4
Text-to-Audio,deepseek-ai/Janus-Pro-7BAny-to-Any•Updated10 days ago•370k•2.84k,•,https://huggingface.co/deepseek-ai/Janus-Pro-7B
Text-to-Audio,Zyphra/Zonos-v0.1-hybridText-to-Speech•Updatedabout 10 hours ago•80•289,•,https://huggingface.co/Zyphra/Zonos-v0.1-hybrid
Text-to-Audio,hexgrad/Kokoro-82MText-to-Speech•Updated9 days ago•300k•3.02k,•,https://huggingface.co/hexgrad/Kokoro-82M
Text-to-Audio,deepseek-ai/DeepSeek-V3Text Generation•Updated18 days ago•1.22M••3.34k,•,https://huggingface.co/deepseek-ai/DeepSeek-V3
Text-to-Audio,simplescaling/s1-32BText Generation•Updatedabout 11 hours ago•5.39k•236,•,https://huggingface.co/simplescaling/s1-32B
Text-to-Audio,unsloth/DeepSeek-R1-GGUFText Generation•Updated2 days ago•792k•697,•,https://huggingface.co/unsloth/DeepSeek-R1-GGUF
Text-to-Audio,"black-forest-labs/FLUX.1-devText-to-Image•UpdatedAug 16, 2024•1.58M••8.62k",•,https://huggingface.co/black-forest-labs/FLUX.1-dev
Text-to-Audio,mistralai/Mistral-Small-24B-Instruct-2501Text Generation•Updated9 days ago•263k••691,•,https://huggingface.co/mistralai/Mistral-Small-24B-Instruct-2501
Automatic Speech Recognition,deepseek-ai/DeepSeek-R1Text Generation•Updated2 days ago•2.67M••8.15k,•,https://huggingface.co/deepseek-ai/DeepSeek-R1
Automatic Speech Recognition,ValueFX9507/Tifa-Deepsex-14b-CoT-GGUF-Q4Reinforcement Learning•Updated3 days ago•40.3k•406,•,https://huggingface.co/ValueFX9507/Tifa-Deepsex-14b-CoT-GGUF-Q4
Automatic Speech Recognition,deepseek-ai/Janus-Pro-7BAny-to-Any•Updated10 days ago•370k•2.84k,•,https://huggingface.co/deepseek-ai/Janus-Pro-7B
Automatic Speech Recognition,Zyphra/Zonos-v0.1-hybridText-to-Speech•Updatedabout 10 hours ago•80•289,•,https://huggingface.co/Zyphra/Zonos-v0.1-hybrid
Automatic Speech Recognition,hexgrad/Kokoro-82MText-to-Speech•Updated9 days ago•300k•3.02k,•,https://huggingface.co/hexgrad/Kokoro-82M
Automatic Speech Recognition,deepseek-ai/DeepSeek-V3Text Generation•Updated18 days ago•1.22M••3.34k,•,https://huggingface.co/deepseek-ai/DeepSeek-V3
Automatic Speech Recognition,simplescaling/s1-32BText Generation•Updatedabout 11 hours ago•5.39k•236,•,https://huggingface.co/simplescaling/s1-32B
Automatic Speech Recognition,unsloth/DeepSeek-R1-GGUFText Generation•Updated2 days ago•792k•697,•,https://huggingface.co/unsloth/DeepSeek-R1-GGUF
Automatic Speech Recognition,"black-forest-labs/FLUX.1-devText-to-Image•UpdatedAug 16, 2024•1.58M••8.62k",•,https://huggingface.co/black-forest-labs/FLUX.1-dev
Automatic Speech Recognition,mistralai/Mistral-Small-24B-Instruct-2501Text Generation•Updated9 days ago•263k••691,•,https://huggingface.co/mistralai/Mistral-Small-24B-Instruct-2501
Audio-to-Audio,deepseek-ai/DeepSeek-R1Text Generation•Updated2 days ago•2.67M••8.15k,•,https://huggingface.co/deepseek-ai/DeepSeek-R1
Audio-to-Audio,ValueFX9507/Tifa-Deepsex-14b-CoT-GGUF-Q4Reinforcement Learning•Updated3 days ago•40.3k•406,•,https://huggingface.co/ValueFX9507/Tifa-Deepsex-14b-CoT-GGUF-Q4
Audio-to-Audio,deepseek-ai/Janus-Pro-7BAny-to-Any•Updated10 days ago•370k•2.84k,•,https://huggingface.co/deepseek-ai/Janus-Pro-7B
Audio-to-Audio,Zyphra/Zonos-v0.1-hybridText-to-Speech•Updatedabout 10 hours ago•80•289,•,https://huggingface.co/Zyphra/Zonos-v0.1-hybrid
Audio-to-Audio,hexgrad/Kokoro-82MText-to-Speech•Updated9 days ago•300k•3.02k,•,https://huggingface.co/hexgrad/Kokoro-82M
Audio-to-Audio,deepseek-ai/DeepSeek-V3Text Generation•Updated18 days ago•1.22M••3.34k,•,https://huggingface.co/deepseek-ai/DeepSeek-V3
Audio-to-Audio,simplescaling/s1-32BText Generation•Updatedabout 11 hours ago•5.39k•236,•,https://huggingface.co/simplescaling/s1-32B
Audio-to-Audio,unsloth/DeepSeek-R1-GGUFText Generation•Updated2 days ago•792k•697,•,https://huggingface.co/unsloth/DeepSeek-R1-GGUF
Audio-to-Audio,"black-forest-labs/FLUX.1-devText-to-Image•UpdatedAug 16, 2024•1.58M••8.62k",•,https://huggingface.co/black-forest-labs/FLUX.1-dev
Audio-to-Audio,mistralai/Mistral-Small-24B-Instruct-2501Text Generation•Updated9 days ago•263k••691,•,https://huggingface.co/mistralai/Mistral-Small-24B-Instruct-2501
Audio Classification,deepseek-ai/DeepSeek-R1Text Generation•Updated2 days ago•2.67M••8.15k,•,https://huggingface.co/deepseek-ai/DeepSeek-R1
Audio Classification,ValueFX9507/Tifa-Deepsex-14b-CoT-GGUF-Q4Reinforcement Learning•Updated3 days ago•40.3k•406,•,https://huggingface.co/ValueFX9507/Tifa-Deepsex-14b-CoT-GGUF-Q4
Audio Classification,deepseek-ai/Janus-Pro-7BAny-to-Any•Updated10 days ago•370k•2.84k,•,https://huggingface.co/deepseek-ai/Janus-Pro-7B
Audio Classification,Zyphra/Zonos-v0.1-hybridText-to-Speech•Updatedabout 10 hours ago•80•289,•,https://huggingface.co/Zyphra/Zonos-v0.1-hybrid
Audio Classification,hexgrad/Kokoro-82MText-to-Speech•Updated9 days ago•300k•3.02k,•,https://huggingface.co/hexgrad/Kokoro-82M
Audio Classification,deepseek-ai/DeepSeek-V3Text Generation•Updated18 days ago•1.22M••3.34k,•,https://huggingface.co/deepseek-ai/DeepSeek-V3
Audio Classification,simplescaling/s1-32BText Generation•Updatedabout 11 hours ago•5.39k•236,•,https://huggingface.co/simplescaling/s1-32B
Audio Classification,unsloth/DeepSeek-R1-GGUFText Generation•Updated2 days ago•792k•697,•,https://huggingface.co/unsloth/DeepSeek-R1-GGUF
Audio Classification,"black-forest-labs/FLUX.1-devText-to-Image•UpdatedAug 16, 2024•1.58M••8.62k",•,https://huggingface.co/black-forest-labs/FLUX.1-dev
Audio Classification,mistralai/Mistral-Small-24B-Instruct-2501Text Generation•Updated9 days ago•263k••691,•,https://huggingface.co/mistralai/Mistral-Small-24B-Instruct-2501
Voice Activity Detection,deepseek-ai/DeepSeek-R1Text Generation•Updated2 days ago•2.67M••8.15k,•,https://huggingface.co/deepseek-ai/DeepSeek-R1
Voice Activity Detection,ValueFX9507/Tifa-Deepsex-14b-CoT-GGUF-Q4Reinforcement Learning•Updated3 days ago•40.3k•406,•,https://huggingface.co/ValueFX9507/Tifa-Deepsex-14b-CoT-GGUF-Q4
Voice Activity Detection,deepseek-ai/Janus-Pro-7BAny-to-Any•Updated10 days ago•370k•2.84k,•,https://huggingface.co/deepseek-ai/Janus-Pro-7B
Voice Activity Detection,Zyphra/Zonos-v0.1-hybridText-to-Speech•Updatedabout 10 hours ago•80•289,•,https://huggingface.co/Zyphra/Zonos-v0.1-hybrid
Voice Activity Detection,hexgrad/Kokoro-82MText-to-Speech•Updated9 days ago•300k•3.02k,•,https://huggingface.co/hexgrad/Kokoro-82M
Voice Activity Detection,deepseek-ai/DeepSeek-V3Text Generation•Updated18 days ago•1.22M••3.34k,•,https://huggingface.co/deepseek-ai/DeepSeek-V3
Voice Activity Detection,simplescaling/s1-32BText Generation•Updatedabout 11 hours ago•5.39k•236,•,https://huggingface.co/simplescaling/s1-32B
Voice Activity Detection,unsloth/DeepSeek-R1-GGUFText Generation•Updated2 days ago•792k•697,•,https://huggingface.co/unsloth/DeepSeek-R1-GGUF
Voice Activity Detection,"black-forest-labs/FLUX.1-devText-to-Image•UpdatedAug 16, 2024•1.58M••8.62k",•,https://huggingface.co/black-forest-labs/FLUX.1-dev
Voice Activity Detection,mistralai/Mistral-Small-24B-Instruct-2501Text Generation•Updated9 days ago•263k••691,•,https://huggingface.co/mistralai/Mistral-Small-24B-Instruct-2501
Tabular Classification,deepseek-ai/DeepSeek-R1Text Generation•Updated2 days ago•2.67M••8.15k,•,https://huggingface.co/deepseek-ai/DeepSeek-R1
Tabular Classification,ValueFX9507/Tifa-Deepsex-14b-CoT-GGUF-Q4Reinforcement Learning•Updated3 days ago•40.3k•406,•,https://huggingface.co/ValueFX9507/Tifa-Deepsex-14b-CoT-GGUF-Q4
Tabular Classification,deepseek-ai/Janus-Pro-7BAny-to-Any•Updated10 days ago•370k•2.84k,•,https://huggingface.co/deepseek-ai/Janus-Pro-7B
Tabular Classification,Zyphra/Zonos-v0.1-hybridText-to-Speech•Updatedabout 10 hours ago•80•289,•,https://huggingface.co/Zyphra/Zonos-v0.1-hybrid
Tabular Classification,hexgrad/Kokoro-82MText-to-Speech•Updated9 days ago•300k•3.02k,•,https://huggingface.co/hexgrad/Kokoro-82M
Tabular Classification,deepseek-ai/DeepSeek-V3Text Generation•Updated18 days ago•1.22M••3.34k,•,https://huggingface.co/deepseek-ai/DeepSeek-V3
Tabular Classification,simplescaling/s1-32BText Generation•Updatedabout 11 hours ago•5.39k•236,•,https://huggingface.co/simplescaling/s1-32B
Tabular Classification,unsloth/DeepSeek-R1-GGUFText Generation•Updated2 days ago•792k•697,•,https://huggingface.co/unsloth/DeepSeek-R1-GGUF
Tabular Classification,"black-forest-labs/FLUX.1-devText-to-Image•UpdatedAug 16, 2024•1.58M••8.62k",•,https://huggingface.co/black-forest-labs/FLUX.1-dev
Tabular Classification,mistralai/Mistral-Small-24B-Instruct-2501Text Generation•Updated9 days ago•263k••691,•,https://huggingface.co/mistralai/Mistral-Small-24B-Instruct-2501
Tabular Regression,deepseek-ai/DeepSeek-R1Text Generation•Updated2 days ago•2.67M••8.15k,•,https://huggingface.co/deepseek-ai/DeepSeek-R1
Tabular Regression,ValueFX9507/Tifa-Deepsex-14b-CoT-GGUF-Q4Reinforcement Learning•Updated3 days ago•40.3k•406,•,https://huggingface.co/ValueFX9507/Tifa-Deepsex-14b-CoT-GGUF-Q4
Tabular Regression,deepseek-ai/Janus-Pro-7BAny-to-Any•Updated10 days ago•370k•2.84k,•,https://huggingface.co/deepseek-ai/Janus-Pro-7B
Tabular Regression,Zyphra/Zonos-v0.1-hybridText-to-Speech•Updatedabout 10 hours ago•80•289,•,https://huggingface.co/Zyphra/Zonos-v0.1-hybrid
Tabular Regression,hexgrad/Kokoro-82MText-to-Speech•Updated9 days ago•300k•3.02k,•,https://huggingface.co/hexgrad/Kokoro-82M
Tabular Regression,deepseek-ai/DeepSeek-V3Text Generation•Updated18 days ago•1.22M••3.34k,•,https://huggingface.co/deepseek-ai/DeepSeek-V3
Tabular Regression,simplescaling/s1-32BText Generation•Updatedabout 11 hours ago•5.39k•236,•,https://huggingface.co/simplescaling/s1-32B
Tabular Regression,unsloth/DeepSeek-R1-GGUFText Generation•Updated2 days ago•792k•697,•,https://huggingface.co/unsloth/DeepSeek-R1-GGUF
Tabular Regression,"black-forest-labs/FLUX.1-devText-to-Image•UpdatedAug 16, 2024•1.58M••8.62k",•,https://huggingface.co/black-forest-labs/FLUX.1-dev
Tabular Regression,mistralai/Mistral-Small-24B-Instruct-2501Text Generation•Updated9 days ago•263k••691,•,https://huggingface.co/mistralai/Mistral-Small-24B-Instruct-2501
Time Series Forecasting,deepseek-ai/DeepSeek-R1Text Generation•Updated2 days ago•2.67M••8.15k,•,https://huggingface.co/deepseek-ai/DeepSeek-R1
Time Series Forecasting,ValueFX9507/Tifa-Deepsex-14b-CoT-GGUF-Q4Reinforcement Learning•Updated3 days ago•40.3k•406,•,https://huggingface.co/ValueFX9507/Tifa-Deepsex-14b-CoT-GGUF-Q4
Time Series Forecasting,deepseek-ai/Janus-Pro-7BAny-to-Any•Updated10 days ago•370k•2.84k,•,https://huggingface.co/deepseek-ai/Janus-Pro-7B
Time Series Forecasting,Zyphra/Zonos-v0.1-hybridText-to-Speech•Updatedabout 10 hours ago•80•289,•,https://huggingface.co/Zyphra/Zonos-v0.1-hybrid
Time Series Forecasting,hexgrad/Kokoro-82MText-to-Speech•Updated9 days ago•300k•3.02k,•,https://huggingface.co/hexgrad/Kokoro-82M
Time Series Forecasting,deepseek-ai/DeepSeek-V3Text Generation•Updated18 days ago•1.22M••3.34k,•,https://huggingface.co/deepseek-ai/DeepSeek-V3
Time Series Forecasting,simplescaling/s1-32BText Generation•Updatedabout 11 hours ago•5.39k•236,•,https://huggingface.co/simplescaling/s1-32B
Time Series Forecasting,unsloth/DeepSeek-R1-GGUFText Generation•Updated2 days ago•792k•697,•,https://huggingface.co/unsloth/DeepSeek-R1-GGUF
Time Series Forecasting,"black-forest-labs/FLUX.1-devText-to-Image•UpdatedAug 16, 2024•1.58M••8.62k",•,https://huggingface.co/black-forest-labs/FLUX.1-dev
Time Series Forecasting,mistralai/Mistral-Small-24B-Instruct-2501Text Generation•Updated9 days ago•263k••691,•,https://huggingface.co/mistralai/Mistral-Small-24B-Instruct-2501
Reinforcement Learning,deepseek-ai/DeepSeek-R1Text Generation•Updated2 days ago•2.67M••8.15k,•,https://huggingface.co/deepseek-ai/DeepSeek-R1
Reinforcement Learning,ValueFX9507/Tifa-Deepsex-14b-CoT-GGUF-Q4Reinforcement Learning•Updated3 days ago•40.3k•406,•,https://huggingface.co/ValueFX9507/Tifa-Deepsex-14b-CoT-GGUF-Q4
Reinforcement Learning,deepseek-ai/Janus-Pro-7BAny-to-Any•Updated10 days ago•370k•2.84k,•,https://huggingface.co/deepseek-ai/Janus-Pro-7B
Reinforcement Learning,Zyphra/Zonos-v0.1-hybridText-to-Speech•Updatedabout 10 hours ago•80•289,•,https://huggingface.co/Zyphra/Zonos-v0.1-hybrid
Reinforcement Learning,hexgrad/Kokoro-82MText-to-Speech•Updated9 days ago•300k•3.02k,•,https://huggingface.co/hexgrad/Kokoro-82M
Reinforcement Learning,deepseek-ai/DeepSeek-V3Text Generation•Updated18 days ago•1.22M••3.34k,•,https://huggingface.co/deepseek-ai/DeepSeek-V3
Reinforcement Learning,simplescaling/s1-32BText Generation•Updatedabout 11 hours ago•5.39k•236,•,https://huggingface.co/simplescaling/s1-32B
Reinforcement Learning,unsloth/DeepSeek-R1-GGUFText Generation•Updated2 days ago•792k•697,•,https://huggingface.co/unsloth/DeepSeek-R1-GGUF
Reinforcement Learning,"black-forest-labs/FLUX.1-devText-to-Image•UpdatedAug 16, 2024•1.58M••8.62k",•,https://huggingface.co/black-forest-labs/FLUX.1-dev
Reinforcement Learning,mistralai/Mistral-Small-24B-Instruct-2501Text Generation•Updated9 days ago•263k••691,•,https://huggingface.co/mistralai/Mistral-Small-24B-Instruct-2501
Robotics,deepseek-ai/DeepSeek-R1Text Generation•Updated2 days ago•2.67M••8.15k,•,https://huggingface.co/deepseek-ai/DeepSeek-R1
Robotics,ValueFX9507/Tifa-Deepsex-14b-CoT-GGUF-Q4Reinforcement Learning•Updated3 days ago•40.3k•406,•,https://huggingface.co/ValueFX9507/Tifa-Deepsex-14b-CoT-GGUF-Q4
Robotics,deepseek-ai/Janus-Pro-7BAny-to-Any•Updated10 days ago•370k•2.84k,•,https://huggingface.co/deepseek-ai/Janus-Pro-7B
Robotics,Zyphra/Zonos-v0.1-hybridText-to-Speech•Updatedabout 10 hours ago•80•289,•,https://huggingface.co/Zyphra/Zonos-v0.1-hybrid
Robotics,hexgrad/Kokoro-82MText-to-Speech•Updated9 days ago•300k•3.02k,•,https://huggingface.co/hexgrad/Kokoro-82M
Robotics,deepseek-ai/DeepSeek-V3Text Generation•Updated18 days ago•1.22M••3.34k,•,https://huggingface.co/deepseek-ai/DeepSeek-V3
Robotics,simplescaling/s1-32BText Generation•Updatedabout 11 hours ago•5.39k•236,•,https://huggingface.co/simplescaling/s1-32B
Robotics,unsloth/DeepSeek-R1-GGUFText Generation•Updated2 days ago•792k•697,•,https://huggingface.co/unsloth/DeepSeek-R1-GGUF
Robotics,"black-forest-labs/FLUX.1-devText-to-Image•UpdatedAug 16, 2024•1.58M••8.62k",•,https://huggingface.co/black-forest-labs/FLUX.1-dev
Robotics,mistralai/Mistral-Small-24B-Instruct-2501Text Generation•Updated9 days ago•263k••691,•,https://huggingface.co/mistralai/Mistral-Small-24B-Instruct-2501
Graph Machine Learning,deepseek-ai/DeepSeek-R1Text Generation•Updated2 days ago•2.67M••8.15k,•,https://huggingface.co/deepseek-ai/DeepSeek-R1
Graph Machine Learning,ValueFX9507/Tifa-Deepsex-14b-CoT-GGUF-Q4Reinforcement Learning•Updated3 days ago•40.3k•406,•,https://huggingface.co/ValueFX9507/Tifa-Deepsex-14b-CoT-GGUF-Q4
Graph Machine Learning,deepseek-ai/Janus-Pro-7BAny-to-Any•Updated10 days ago•370k•2.84k,•,https://huggingface.co/deepseek-ai/Janus-Pro-7B
Graph Machine Learning,Zyphra/Zonos-v0.1-hybridText-to-Speech•Updatedabout 10 hours ago•80•289,•,https://huggingface.co/Zyphra/Zonos-v0.1-hybrid
Graph Machine Learning,hexgrad/Kokoro-82MText-to-Speech•Updated9 days ago•300k•3.02k,•,https://huggingface.co/hexgrad/Kokoro-82M
Graph Machine Learning,deepseek-ai/DeepSeek-V3Text Generation•Updated18 days ago•1.22M••3.34k,•,https://huggingface.co/deepseek-ai/DeepSeek-V3
Graph Machine Learning,simplescaling/s1-32BText Generation•Updatedabout 11 hours ago•5.39k•236,•,https://huggingface.co/simplescaling/s1-32B
Graph Machine Learning,unsloth/DeepSeek-R1-GGUFText Generation•Updated2 days ago•792k•697,•,https://huggingface.co/unsloth/DeepSeek-R1-GGUF
Graph Machine Learning,"black-forest-labs/FLUX.1-devText-to-Image•UpdatedAug 16, 2024•1.58M••8.62k",•,https://huggingface.co/black-forest-labs/FLUX.1-dev
Graph Machine Learning,mistralai/Mistral-Small-24B-Instruct-2501Text Generation•Updated9 days ago•263k••691,•,https://huggingface.co/mistralai/Mistral-Small-24B-Instruct-2501
